regime,n,mean_abs_g1,mean_g2,inside_pct,outside_pct
Mild,8879,0.057662773852403267,1.1232738734788288,84.84063520666741,15.159364793332582
Moderate,8880,0.1988963314293136,1.3705044689050188,87.84909909909909,12.1509009009009
Severe,8880,0.3809329764124704,1.7316644465871807,80.12387387387388,19.876126126126128
Extreme,8880,0.7899584935844961,5.0120516017617565,22.7027027027027,77.29729729729729
