subset,n,edge_mean_relerr_pct,saddle_mean_relerr_pct
Inside,81,6.200327257556899,7.088957990346243
Outside,567,47.038548294358904,13.642561662053348
