p_true,mc_mean,mc_std,p_edge,p_sad,err_edge_pct,err_sad_pct
0.011108897731832,0.0110673,0.000309417357318721,0.03258635132291902,0.02081553523191834,194.43813145861245,88.08142213474233
