regime,true_es_pct,true_capital_M,edge_underestimation_M,saddle_underestimation_M
Mild,-4.482341114518709,44.823411145187094,4.330499839521847,4.48501830638966
Moderate,-6.60363989301478,66.03639893014781,11.168704986390598,9.353619918308176
Severe,-8.887517765081201,88.87517765081202,21.07624918473865,14.089948066922977
Extreme,-11.415589812307466,114.15589812307466,31.324399123778537,17.634162980640873
